"","treatment_level","global_mean","quantile_0.025","quantile_0.975"
"2.5%","Cold CORT",0.00361555113332494,-0.0350689648747526,0.0438609776789091
