"","Specie","Treatment","value_Blue","value_Red","X.Blue...Red.","p.value"
"1","L. delicata","Control-Cold",0.70974292971876,0.229835604763071,0.479907324955688,0.00150000000000006
"2","L. delicata","Control-Hot",0.519034797522456,0.242493285712582,0.276541511809874,0.0625
"3","L. delicata","CORT-Cold",0.68304834678872,0.128273966294314,0.554774380494406,0.000250000000000083
"4","L. delicata","CORT-Hot",0.570956632388623,0.284894909430387,0.286061722958236,0.0620000000000001
"5","L. guichenoti","Control-Cold",0.671836304383689,0.177655227873224,0.494181076510464,0.0155000000000001
"6","L. guichenoti","Control-Hot",0.523743836076195,0.258714036441517,0.265029799634678,0.1195
"7","L. guichenoti","CORT-Cold",0.337626392000452,0.0579236367536656,0.279702755246786,0.01275
"8","L. guichenoti","CORT-Hot",0.45748329527135,0.210645101259597,0.246838194011753,0.1305
